cell_type,statistic,p_value
b_cell,459971.0,0.05570230973826624
cd8_t_cell,478176.0,0.6390858847346418
cd4_t_cell,515276.0,0.01334421881393762
nk_cell,464546.0,0.12105079820428571
monocyte,466510.0,0.16315013268752876
